Year Up/GEAR UP Pre-Owned Vehicles|2023 Java Spring Rd.|+1-800-555-1212
7859364|2021|Mercedes-Benz|S-Class|Sedan|Black|12400|105900.00
3206948|2022|BMW|8 Series|Coupe|Blue|5900|116500.00
9927101|2020|Lexus|LC|Coupe|Red|10250|89000.00
4381572|2023|Audi|R8|Coupe|Silver|3350|189000.00
1920638|2022|Porsche|911|Coupe|White|4500|128000.00
5534782|2021|Bentley|Continental GT|Coupe|Gray|7800|210000.00
1876943|2023|Rolls-Royce|Ghost|Sedan|Black|1200|315000.00
9937241|2022|Lamborghini|Aventador|Coupe|Yellow|2800|480000.00
2684518|2020|Aston Martin|DB11|Coupe|Blue|14500|107000.00
8773194|2023|Ferrari|812 Superfast|Coupe|Red|1600|350000.00
5361829|2022|Bugatti|Chiron|Coupe|Black|1500|3000000.00
4081952|2021|McLaren|720S|Coupe|Orange|6700|259000.00
7391261|2020|Koenigsegg|Jesko|Coupe|Gray|500|2900000.00
6602215|2023|Pagani|Huayra|Coupe|White|300|4000000.00
1751809|2021|Lamborghini|Huracan|Convertible|Yellow|3900|280000.00